category,filename,x_mean,y_mean,x_std,y_std,distance_to_center
Action,001.mat,941.5032894736842,539.5953947368421,220.69167582546706,144.4006354952191,18.50113525471608
Action,145.mat,980.0196078431372,632.9934640522875,291.6287811941086,100.29479402698513,95.12396677303306
Action,143.mat,986.6468531468531,462.4755244755245,185.79283270864224,186.9703739356052,81.97621050021134
Action,141.mat,1096.720238095238,508.17261904761904,263.47340892292544,224.49497547203188,140.3759441040614
Action,139.mat,1022.918918918919,547.5135135135135,282.16269459064057,195.92732602843384,63.36594703185023
Action,137.mat,1046.5983827493262,558.5363881401618,342.16644945822907,118.34157536668943,88.56002247109883
Action,135.mat,961.9126213592233,552.588996763754,287.9585249755135,112.20474816154955,12.733458288366394
Action,133.mat,967.1993569131832,516.620578778135,298.2617036397857,130.88476102954644,24.462789633089454
Action,131.mat,962.3048780487804,419.844512195122,334.11518347699064,154.20768255871008,120.17759238913027
Action,129.mat,956.9731343283582,455.7671641791045,130.59040167477457,179.601680665656,84.28720274290814
Action,127.mat,960.8627450980392,449.59943977591035,153.49679760626148,217.40004123011803,90.40467696935512
Action,125.mat,963.9467084639498,488.7523510971787,131.84858911474268,208.40053246143358,51.39939713426856
Action,123.mat,979.8175895765472,460.37459283387625,167.3220945924813,180.2342478836257,82.05450824296898
Action,121.mat,1022.0867208672087,440.2113821138211,295.7918004736755,114.10839130098378,117.52671682505431
Action,119.mat,1006.7777777777778,531.8952380952381,292.65232877583406,134.42011308848495,47.474705468913065
Action,117.mat,977.5878787878788,606.9424242424243,104.77609534672744,204.64517634233076,69.21431675390455
Action,115.mat,990.3210702341137,561.3879598662207,196.59706324131287,192.21950416504717,37.1054191107057
Action,113.mat,985.1157270029673,495.03560830860533,285.7399290999391,183.66337718982626,51.50336166761102
Action,111.mat,885.4556213017752,534.9349112426036,140.31766405944475,208.7591444196835,74.7162600751982
Action,109.mat,977.043352601156,579.6387283236994,232.92099897212034,243.12496989339883,43.14747560411132
Action,107.mat,989.2653631284916,575.840782122905,316.90275630974196,190.43771929162884,46.27119127733823
Action,105.mat,996.8806451612903,631.3129032258065,227.50377936506945,219.17576279049902,98.47958307709528
Action,147.mat,961.6488095238095,500.85714285714283,237.65989955338617,149.8955900791283,39.177568047952256
Action,151.mat,994.0935828877006,631.9545454545455,191.0389391432571,212.7839922213346,98.07145774318123
Action,153.mat,1024.8532608695652,423.6657608695652,383.175519139242,197.03849414646885,133.19009212202337
Action,155.mat,998.6512261580382,454.98365122615803,309.49785011974126,261.152110465984,93.39002539005628
Action,199.mat,1020.0560471976402,520.0737463126844,262.0130935001079,177.40493450203175,63.27546436824025
Action,197.mat,1038.1644204851752,478.99730458221023,304.0965097655979,215.0474967739581,99.15142700949347
Action,195.mat,1019.0561224489796,553.6887755102041,362.2192817545203,116.54457444769577,60.62184568023016
Action,193.mat,837.6794117647058,477.77941176470586,381.0174384456098,220.57409356630063,137.23602991406597
Action,191.mat,990.6282420749279,458.68876080691643,138.90868440440136,245.07604175552663,86.88847352621194
Action,189.mat,987.4520547945206,545.4493150684932,313.5231804628784,215.13939611285713,27.98768206116874
Action,187.mat,969.6397306397306,528.3535353535353,102.29044360277601,244.06469500821729,15.118351284710654
Action,185.mat,974.5609137055837,553.7157360406092,158.34535473345153,269.37300843098365,20.00354026359138
Action,183.mat,925.431884057971,518.1652173913044,144.27488506898115,268.12981704795556,40.886579354973584
Action,181.mat,1034.8586666666667,548.136,238.11077259311247,239.9063376347806,75.2994984784834
Action,103.mat,1006.9643765903307,549.8982188295165,258.2633895362224,269.636688599802,47.996118640108826
Action,179.mat,946.1603773584906,508.8176100628931,171.57792315174217,214.47000216405667,34.11563566825579
Action,175.mat,888.6685552407932,412.36260623229464,252.05214522411228,183.16753106759998,146.2172332498739
Action,173.mat,1071.3487031700288,487.4380403458213,211.74906854921332,197.19003997933856,123.13120360142138
Action,171.mat,1018.5067567567568,497.7871621621622,217.6230002196838,165.50138391697263,72.14543827933888
Action,169.mat,993.1783216783217,469.02097902097904,247.1824862082513,235.99134654431032,78.35063783103804
Action,167.mat,1025.928813559322,524.6305084745762,197.73419502363063,203.23206010783252,67.69660055785599
Action,165.mat,993.4749163879599,508.4816053511706,174.01784172042,189.25354733803945,45.978029844919014
Action,163.mat,838.4454828660436,548.0654205607476,258.96226704024576,211.10582326725736,121.82180282893141
Action,161.mat,1148.5848101265822,485.3772151898734,290.637169553775,254.0567503378818,196.33613837216123
Action,159.mat,1009.199481865285,477.98704663212436,184.89862535390202,211.76184770418658,79.1593039460228
Action,157.mat,957.7270408163265,489.640306122449,281.46697432583665,129.87496226908436,50.41096220953629
Action,177.mat,875.4119318181819,518.8181818181819,280.9622329333685,185.31952108910224,87.19983199650969
Action,101.mat,995.2162921348314,567.123595505618,232.8263708175032,275.118822959504,44.45083424276952
Action,149.mat,967.2883597883598,367.35978835978835,292.98355574772376,194.82026086729184,172.7939896627821
Action,097.mat,998.1632653061224,537.2244897959183,183.6628046790474,186.14615182046524,38.26405984365026
Action,045.mat,910.3486842105264,507.80592105263156,174.7991990778811,162.14791360357918,59.17526407964249
Action,043.mat,982.3020408163266,509.8285714285714,123.52938424255694,231.3462887234685,37.51927673361938
Action,041.mat,924.17903930131,547.7248908296943,163.7752435209407,165.1104654455936,36.644442466870586
Action,039.mat,945.2530487804878,522.7591463414634,146.45797695958788,213.27455662059245,22.687432757933344
Action,037.mat,1038.903536977492,537.8842443729903,263.1814816863116,182.0139904237022,78.93189830120434
Action,035.mat,970.408695652174,438.9304347826087,300.9732010503137,198.94112690008254,101.60412372739651
Action,033.mat,966.5521885521886,550.1750841750842,252.05279389984673,159.83036984036985,12.102211070439957
Action,031.mat,1058.763085399449,428.6611570247934,283.9364458888271,239.93867055189236,148.8303900172158
Action,029.mat,981.9502617801047,459.0235602094241,212.95776721010841,247.15008469831136,83.89873535025359
Action,025.mat,973.2307692307693,514.6201923076923,366.9334914261405,140.80127832120735,28.621458609518736
Action,047.mat,978.7768240343347,479.9871244635193,97.14518127004807,174.19769442817488,62.881748949703145
Action,023.mat,1046.1286089238845,617.1811023622047,325.03175979751194,196.89246238141476,115.65059375986165
Action,019.mat,1006.4094488188977,514.3175853018373,336.85754103973875,129.82987628959418,53.04171343765475
Action,017.mat,1084.2409638554218,495.7469879518072,221.15348431161416,206.9206729656709,131.88686885001752
Action,015.mat,1052.4763231197771,577.2200557103064,226.87753036563416,179.20337193093633,99.68551993560418
Action,013.mat,937.4406779661017,480.05367231638417,171.2706687121945,274.11053886117304,64.05064569058281
Action,011.mat,876.2826086956521,432.54891304347825,269.4786664173331,190.49585696428585,136.21430796705351
Action,009.mat,936.063063063063,491.42942942942943,252.8305684116349,168.76274363263116,54.14865903670812
Action,007.mat,988.7916666666666,574.8005952380952,242.28050582327947,188.06389523276889,45.166818554888
Action,005.mat,910.6088235294118,583.65,223.23089453542605,170.08789553017093,65.91517892829228
Action,003.mat,1002.680790960452,493.1073446327684,272.35709428277073,190.31922277117954,63.40797303494061
Action,099.mat,953.7338501291989,441.22222222222223,250.4980547179484,197.47822886506216,98.97633058928477
Action,021.mat,929.2744630071599,525.4081145584726,354.6653989256879,144.71904483835985,34.014434351272826
Action,049.mat,955.015873015873,561.8634920634921,150.96313983657473,168.48828446068265,22.42440204340543
Action,027.mat,957.2044334975369,493.80541871921184,258.44521878601074,250.01672667235218,46.2790938953761
Action,095.mat,837.7044025157232,569.2389937106918,296.06784777101774,189.27423315083445,125.7423234923314
Action,051.mat,993.0410256410256,513.7025641025641,255.75321309654055,188.7969978672378,42.228716653370626
Action,093.mat,1088.9166666666667,408.95454545454544,302.1173105238788,293.93266588676124,183.82714190638242
Action,091.mat,965.2562674094708,446.07799442896936,320.23765732380764,178.75335722468952,94.06897191722983
Action,089.mat,1005.3797101449276,605.3217391304348,318.13248201034247,190.62382173135703,79.53771241280593
Action,087.mat,898.8584905660377,667.8301886792453,151.13164980428283,162.83325605453854,141.69982820608766
Action,085.mat,898.5372340425532,595.0984042553191,231.07768726079175,167.6853322021681,82.54396253283728
Action,083.mat,1022.3153846153846,617.7102564102564,329.51146514309556,151.13217393186056,99.6096938611454
Action,079.mat,948.1345029239766,613.3918128654971,242.06414869699728,98.80753186889882,74.34479280047299
Action,077.mat,974.8983516483516,667.8131868131868,317.7771492582334,195.14695291677342,128.67855922872516
Action,075.mat,969.0058139534884,644.4505813953489,185.49482839569077,172.2569669827046,104.83810680659609
Action,073.mat,940.9863481228668,570.5529010238907,172.74129826888364,206.3942550034036,35.986090627914464
Action,081.mat,1023.2231404958678,611.1129476584022,279.07979903668706,166.90161706005645,95.15364847879921
Action,053.mat,1036.2096774193549,517.1586021505376,253.59413028913,179.4220833262806,79.55906226244471
Action,069.mat,966.4985074626866,492.74328358208953,186.31951171451024,180.70549903160904,47.70144490312009
Action,067.mat,1043.970760233918,526.7894736842105,227.48583727911492,126.39306603077031,85.00356804159651
Action,065.mat,948.4511494252873,542.3563218390805,200.12655600449202,138.61388753063738,11.786780824566511
Action,063.mat,1028.1108108108108,494.23243243243246,358.31789621506647,179.53515059588943,82.05944668566758
Action,061.mat,1067.9504373177842,570.5743440233236,164.51496123652169,141.784563859286,112.19664624915225
Action,059.mat,985.516290726817,661.0802005012531,258.6618041625149,209.8342192849326,123.7396300539124
Action,057.mat,920.4485488126649,516.8047493403694,258.46356335021045,197.80767792090938,45.851248011229174
Action,055.mat,966.6318407960199,503.32089552238807,190.61720590011987,221.61360756035376,37.27382483222409
Action,071.mat,962.5733695652174,511.6820652173913,351.64363298218115,187.95511288856247,28.434620821654473
Affective,131.mat,979.9260355029586,558.8994082840237,168.97984151059407,134.24069370278045,27.46333054003812
Affective,133.mat,958.5821325648415,537.0547550432277,175.52667891852468,152.16425183961013,3.2687636682812724
Affective,135.mat,946.3873873873874,551.3933933933934,256.45213350225595,170.62571180782317,17.751412201784905
Affective,137.mat,956.1516034985423,570.6384839650145,304.2217242125413,175.68841000792486,30.879230160528362
Affective,147.mat,1068.4810495626823,413.03498542274053,269.0230767455442,223.42400159854336,166.9977635803092
Affective,141.mat,974.5704467353952,569.1374570446735,239.98670714792553,202.63364349656962,32.57743576617384
Affective,143.mat,1251.3535353535353,582.96632996633,351.00599954002286,99.05475245627515,294.5046486454489
Affective,145.mat,1040.8851963746224,465.58006042296074,153.7379930463781,202.88237650438944,109.91243059459383
Affective,129.mat,1025.002840909091,561.7301136363636,163.63907586826605,160.44879671065218,68.53880043378254
Affective,139.mat,959.6713483146067,561.7837078651686,244.16919757465197,180.8004544831343,21.78618691477056
Affective,127.mat,983.2106598984772,698.243654822335,266.79844440537505,159.15204084273867,159.93682823056443
Affective,105.mat,943.8888888888889,589.9941520467836,118.92478553012111,213.314897697832,52.52602345610682
Affective,123.mat,680.0145631067961,504.25728155339806,249.42069732469142,180.26013247415617,282.25766029327053
Affective,121.mat,918.7372448979592,423.6224489795918,243.6426055210017,157.02750735929004,123.47610837776962
Affective,119.mat,973.7081850533808,550.6832740213523,192.5334566403653,153.42883881934193,17.379490247790187
Affective,117.mat,939.5641891891892,447.27702702702703,128.6500961177229,177.3264786003011,94.94826001797995
Affective,115.mat,924.5882352941177,565.2941176470588,254.00980331957135,186.56183937751575,43.51764546856853
Affective,113.mat,1010.1902173913044,553.5190217391304,130.57311674821906,116.3264459591102,51.9790522284648
Affective,111.mat,950.722602739726,436.0445205479452,192.5802850798724,182.6969234172814,104.36863421560872
Affective,109.mat,906.2303523035231,570.6395663956639,145.29731615362925,228.28805000098825,61.88665479986409
Affective,107.mat,985.9948186528497,592.5155440414508,285.6091934306691,293.98321480553676,58.59703885661886
Affective,149.mat,961.9323943661972,469.2647887323944,89.38620710729133,168.60176523109084,70.76160160043943
Affective,125.mat,916.1932114882507,498.7389033942559,248.55719276259245,141.0205796727047,60.179006412715744
Affective,151.mat,1062.2457627118645,534.4152542372881,249.39310300543224,223.43425047893234,102.39817077353005
Affective,199.mat,1064.5777202072538,418.65284974093265,222.45842697364853,212.06819878867935,160.19247934826197
Affective,155.mat,994.6361445783133,397.95180722891564,326.53917294048165,217.86556613281613,146.2099571875355
Affective,103.mat,983.603133159269,620.0757180156658,223.21175463072484,203.47642330548922,83.48190528886245
Affective,197.mat,1008.1462686567164,583.6925373134328,228.04905097425024,165.8477033020867,65.01615954861093
Affective,195.mat,1043.5883905013193,552.6015831134565,233.01274376531447,190.08652965791188,84.5329457878193
Affective,193.mat,1019.5845410628019,517.2995169082126,234.7353352936396,255.3210485366484,63.762288747074116
Affective,191.mat,920.2966360856269,569.4128440366973,162.54202210175904,155.7832264965028,49.41125884294207
Affective,189.mat,1016.4161676646706,501.21556886227546,226.25176184641444,256.461308254992,68.46178549121493
Affective,187.mat,647.3507462686567,608.9925373134329,282.6014613059864,237.9082820974859,320.17108873805466
Affective,185.mat,956.6770538243626,488.22096317280455,247.28350295409194,227.8948415914706,51.88555315343806
Affective,183.mat,916.1713483146067,591.9016853932584,326.2379988225009,225.77718184053958,67.93184566328448
Affective,181.mat,955.1387434554974,508.4554973821989,338.6439065005295,277.9650282320432,31.91688362913785
Affective,153.mat,963.4454022988506,485.5086206896552,280.49226003337645,180.70281831331067,54.60019428669463
Affective,179.mat,1002.6875,463.94097222222223,90.4453847442078,144.4918778538138,87.21925454136128
Affective,175.mat,969.574025974026,508.85714285714283,214.63810763102595,135.84520547879853,32.58127567133819
Affective,173.mat,954.9006024096385,530.8102409638554,267.1733548950983,162.77433789097577,10.509782439564818
Affective,171.mat,889.4421593830334,416.96915167095113,381.4421624062381,230.08482637065734,141.82735460091854
Affective,169.mat,887.5942028985507,467.1391304347826,219.90557386221246,187.62193964705995,102.71954910189132
Affective,167.mat,911.0175438596491,569.4941520467836,356.08852098871756,182.76277635761008,57.17679611958149
Affective,165.mat,976.8862275449102,595.1526946107784,210.27882599210716,183.89839693953476,57.67984399708682
Affective,163.mat,930.6510989010989,490.1868131868132,149.44215582743996,166.35198100518585,57.81618783868864
Affective,161.mat,1017.7265193370166,515.585635359116,271.6278934519514,205.04450295349824,62.67704711922058
Affective,159.mat,1081.8315217391305,525.3125,262.5766324702627,160.84612433414495,122.71365997932841
Affective,157.mat,984.5623100303951,501.02127659574467,179.81631097297094,190.875752097525,46.07220368350846
Affective,177.mat,1008.1163434903048,525.2409972299168,151.6280723902023,155.16899939945736,50.32902416741572
Affective,101.mat,910.4764150943396,574.9268867924528,261.92094156907626,207.48626195423614,60.600931370078555
Affective,049.mat,1028.053459119497,504.3364779874214,256.7029711185989,170.81008429179917,76.83202522692417
Affective,097.mat,960.7787810383747,617.4988713318285,113.6807370606365,221.4610052831617,77.50278419265359
Affective,043.mat,1066.3697749196142,432.2347266881029,270.7703816906754,211.74517434493242,151.4195599928796
Affective,041.mat,967.58,464.48333333333335,185.5048524073337,179.90385317966062,75.89613524050117
Affective,039.mat,1016.6229508196722,511.3251366120219,181.52455438547307,160.2420838410575,63.46972782237387
Affective,037.mat,1016.0096774193548,515.1322580645161,154.79142023159844,284.6280061108588,61.282041036424445
Affective,035.mat,985.1931464174455,504.65732087227417,169.18192409984286,161.55913151536762,43.402760215638764
Affective,033.mat,949.1881720430108,483.41129032258067,196.3631758995224,206.96623323741875,57.61230499404433
Affective,031.mat,1029.4617563739378,450.7082152974504,189.88824604974891,182.30416126068582,113.12806200902918
Affective,029.mat,823.3489583333334,478.2916666666667,385.0226158116104,153.43439264787483,149.93807252116733
Affective,027.mat,889.1470588235294,448.524064171123,229.86485748207187,224.69433357021424,115.7064652866262
Affective,025.mat,842.3850415512466,522.9806094182826,339.16701562119226,214.3197242960696,118.83996847304803
Affective,045.mat,755.0492753623189,390.18840579710144,229.7048399881196,232.29929940328194,253.86672347340945
Affective,023.mat,1019.4578005115089,451.98976982097184,117.18321342327887,193.6590589086642,106.21219637043531
Affective,019.mat,1040.4,435.8712328767123,304.5605664398084,198.92791389314186,131.55592021120103
Affective,017.mat,968.8616504854369,455.18446601941747,363.75564958772065,149.3689474996127,85.27721649853139
Affective,015.mat,947.9916201117319,558.6508379888268,359.36120767746866,199.14172934174184,22.18231153929693
Affective,013.mat,1025.1476683937824,489.5699481865285,319.33954910736827,198.35992441776955,82.38573191430451
Affective,011.mat,965.2804532577903,546.4362606232295,199.98931441091568,206.70548642596538,8.325180924030594
Affective,009.mat,1109.2270114942528,541.9281609195402,319.0888747042653,166.9104585128973,149.2394678496191
Affective,007.mat,1007.3086734693877,517.4413265306123,154.07187272694281,170.53816864733616,52.41187207238076
Affective,005.mat,1032.9610778443114,485.1616766467066,304.8358962372484,163.25832061455083,91.27190470459148
Affective,003.mat,1192.7674418604652,577.0436046511628,304.4744108245293,209.81622874034423,235.6966496066855
Affective,099.mat,1078.4268292682927,433.82682926829267,470.4045023865697,246.98741305382268,159.05236896621702
Affective,021.mat,1004.1343669250646,513.2635658914729,283.10103113876926,223.69613662460242,51.60115553663351
Affective,047.mat,986.2396166134185,516.2715654952077,281.5006513407817,240.81565283084885,35.37733856676344
Affective,001.mat,961.5149051490515,423.13279132791325,310.66056977871347,193.48826489925975,116.87702682912365
Affective,051.mat,1103.7945205479452,498.13424657534244,353.9391542362647,204.28084631124335,149.76516767735973
Affective,093.mat,962.0340314136125,475.5340314136126,191.83782252403563,196.51655577906413,64.49804950207914
Affective,091.mat,1039.6279069767443,543.452196382429,225.41655049420064,171.2514951414999,79.702705282568
Affective,089.mat,913.6612021857924,467.051912568306,279.0076971198225,182.44103781157037,86.42168502643351
Affective,087.mat,852.1421052631579,464.65,261.44574925994533,266.11618183951555,131.57107568559178
Affective,085.mat,965.4455128205128,475.2371794871795,128.83209448584154,151.26651688495457,64.9913573535295
Affective,083.mat,793.9346405228758,474.859477124183,154.9838563468426,150.93097757545817,178.3843920829435
Affective,081.mat,990.1597444089457,484.36102236421726,110.6928227090433,163.8747496126725,63.28748703470586
Affective,079.mat,1045.513888888889,513.9583333333334,173.1460039850405,205.00376944366442,89.39123892014818
Affective,077.mat,972.9125,584.935,307.26337211543773,252.40212117769536,46.75346918946225
Affective,075.mat,997.9469026548672,523.0619469026549,336.7787761770726,121.25547397083146,41.5555659788969
Affective,095.mat,945.483552631579,494.4967105263158,148.30744557740385,170.85092760316982,47.76271136698627
Affective,071.mat,997.9168975069252,566.1274238227147,237.9759148112761,123.57273967310189,46.04707799809271
Affective,069.mat,948.5121293800539,599.77897574124,108.09463129034013,178.58532035676765,60.872794514892895
Affective,067.mat,976.3079365079365,535.495238095238,248.2849178125855,165.32900093072854,16.918678227494055
Affective,065.mat,948.5775401069519,591.7566844919786,135.3110227015418,185.58442778152667,53.00214127382507
Affective,063.mat,960.4175257731958,462.83247422680415,139.0623827308644,167.2764403678104,77.16865530594742
Affective,061.mat,892.9873737373738,582.2449494949495,277.92591728218355,226.6381178539731,79.2169668470414
Affective,059.mat,1020.438596491228,463.10275689223056,154.75633888502864,251.56511978242614,97.80598112285811
Affective,057.mat,967.9112426035502,443.2100591715976,119.91862794922714,207.25518163127848,97.11272009936631
Affective,055.mat,1002.5585106382979,470.1010638297872,161.6097768724421,203.19205462492388,81.83573855888145
Affective,053.mat,1023.2729658792651,443.1417322834646,324.2302558722151,188.76266776393092,115.6935272009921
Affective,073.mat,899.1552631578948,513.3473684210526,225.257465788266,197.68530379160725,66.42623556598812
Social,131.mat,883.9794520547945,414.35616438356163,252.12643515468454,209.96318136876644,146.85195653548467
Social,133.mat,944.9868073878628,444.4538258575198,409.7699172099258,172.03872931726434,96.7184953650246
Social,135.mat,986.4438502673797,509.7994652406417,326.83079696053727,180.80284384367414,40.141618262282435
Social,145.mat,1086.9116809116808,536.8262108262109,275.69109360718477,244.84013272959132,126.95135954194407
Social,139.mat,984.4984025559105,584.332268370607,256.93049400848037,161.41678480139936,50.650979720780995
Social,141.mat,952.9135135135135,491.2351351351351,253.4916451122389,128.34489580437466,49.277077186169315
Social,143.mat,900.1035422343324,490.9427792915531,361.60667834536036,164.05094741282034,77.42219679466396
Social,129.mat,925.4246575342465,475.75616438356167,259.6215959635025,141.397557656826,72.95700597842598
Social,137.mat,892.9291553133515,597.1989100817439,297.17104936923147,175.24731049384,88.14881463479777
Social,127.mat,1137.8063660477453,531.2015915119364,299.5142613376187,171.92155295023332,178.02391917668712
Social,115.mat,927.8305084745763,460.24858757062145,258.58259797052807,141.3938495483288,85.99513922010443
Social,123.mat,959.4125326370757,587.5587467362924,126.33629145043787,216.51859964001764,47.56237493049841
Social,121.mat,958.8039702233251,437.21588089330027,301.7562304485366,156.95217632611667,102.79107756885774
Social,119.mat,1065.7711864406779,495.90112994350284,356.7919461564333,162.90140808410888,114.59604801793323
Social,117.mat,943.1466666666666,623.7173333333334,280.39112174880927,164.30626717471517,85.39687784040409
Social,113.mat,1021.822102425876,518.8140161725067,243.5375088516803,153.936786192156,65.35149775708516
Social,111.mat,1015.4930362116992,463.2200557103064,273.966489078747,170.69333964580983,94.73456028884819
Social,109.mat,1015.9282296650717,477.89473684210526,285.9487266536719,276.55909224503836,83.57649541216938
Social,107.mat,976.6675324675325,449.21558441558443,254.41095420831235,158.81196188463096,92.30177003481639
Social,105.mat,1004.0615763546798,541.756157635468,312.86043828490136,226.489817840088,44.09655996219989
Social,147.mat,1002.0787401574803,434.8005249343832,177.32069526874537,236.71179659111573,113.30291226319859
Social,125.mat,974.4432432432433,422.9810810810811,213.39939276559485,183.1065475349874,117.90688979163183
Social,149.mat,919.1392757660167,564.100278551532,262.8264042363721,174.06687465537513,47.438615190444445
Social,173.mat,955.7480314960629,394.18372703412075,209.1465585864753,164.40929927454374,145.8782529982392
Social,153.mat,1007.8357771260997,475.6744868035191,351.39475259468844,204.52955008117573,80.16254250738639
Social,197.mat,1106.2638190954774,463.8140703517588,298.97193738578295,233.16776500236062,164.9163444075853
Social,195.mat,970.7443037974683,404.44050632911393,309.1931237657283,177.130298546112,135.9846182051459
Social,193.mat,885.3174224343676,410.3341288782816,397.45025891576745,180.11729950187944,149.63530841883806
Social,191.mat,1016.6094527363184,440.7089552238806,355.6294667516861,156.1995864761695,114.29497675680598
Social,189.mat,944.0367231638418,652.228813559322,363.50765471388644,193.39467027768035,113.35842624296126
Social,187.mat,899.4545454545455,561.6283422459893,318.43209102881866,258.60281387960515,64.29259097614081
Social,185.mat,1020.0637755102041,500.71938775510205,230.54564494275758,281.75725518361503,71.76784535482601
Social,183.mat,1010.5331564986737,527.5835543766578,250.49283960574607,199.58515077176096,52.0362184217576
Social,181.mat,1036.3290488431876,529.2365038560412,272.48798413048667,286.88246404936746,77.08421723379394
Social,179.mat,986.9920424403183,494.42970822281166,308.340148458697,135.50354451565994,52.964345061163776
Social,151.mat,962.9498680738786,386.69920844327174,342.11697781685245,226.61604755023197,153.32917013266828
Social,177.mat,963.6145251396648,693.0614525139665,209.2608887622258,168.3037179475997,153.10412482252232
Social,103.mat,965.379679144385,496.2085561497326,244.91617078106023,232.2585672603483,44.12064711886776
Social,171.mat,1100.1994680851064,516.6542553191489,272.3242163846328,191.0366530303575,142.129921712672
Social,169.mat,1024.6766467065868,390.59580838323353,265.23896737452645,188.15519802892666,162.80258321620119
Social,167.mat,872.2060439560439,497.3159340659341,346.0783654295882,169.12977548290175,97.62022435188203
Social,165.mat,1073.8985507246377,403.256038647343,363.900148681558,173.67379369992494,177.96570125614042
Social,163.mat,964.2507288629738,575.5276967930029,287.96625995530565,238.17078351297636,35.781083483903394
Social,161.mat,959.6320224719101,527.4775280898876,263.57319301417,163.90745556378843,12.52787732222551
Social,159.mat,839.9157894736842,491.6684210526316,246.75644984511797,182.0836434534865,129.4455837071093
Social,157.mat,940.7645429362881,446.8531855955679,397.6158552958946,155.64249128605627,95.11220658855322
Social,155.mat,952.9046391752578,479.77319587628864,307.67244545103205,159.39073788265134,60.64331851234052
Social,175.mat,1029.162162162162,359.9837837837838,240.3477338418081,152.07558489388794,192.845126398747
Social,101.mat,974.1120448179272,513.0224089635855,255.15137220888388,155.53865759881782,30.44569307917328
Social,199.mat,957.0693641618498,525.5578034682081,347.5861033396701,173.7360743696363,14.736541896888548
Social,097.mat,894.109693877551,424.4974489795918,234.1734829354305,188.9497152457539,132.9750793687751
Social,043.mat,950.002994011976,480.748502994012,214.48584251120744,160.10098678900408,60.08893430720165
Social,041.mat,861.8560411311054,397.866323907455,443.3496242262432,150.09521441519175,172.72584792682238
Social,039.mat,986.3586387434555,491.4083769633508,374.82622104860997,207.61757719216806,55.28040942091337
Social,037.mat,1009.2011173184358,465.6480446927374,263.36247256216836,146.41270640465407,89.15695824441103
Social,035.mat,959.8805555555556,622.6555555555556,261.8477816079882,203.0940756896836,82.65564185929985
Social,033.mat,1041.0072289156626,408.36626506024095,308.51098661701735,230.2494735428794,154.56264526328897
Social,031.mat,875.7203389830509,491.00847457627117,182.8078651891825,206.06432388431307,97.48451581905573
Social,029.mat,990.7732997481108,541.11838790932,297.3259480567617,200.9570265963823,30.793615716618795
Social,027.mat,927.7653333333334,500.1546666666667,261.0022699739516,228.3744587548169,51.25157874207926
Social,025.mat,989.471032745592,348.05037783375315,312.8449246733844,211.88795689749517,194.19886513792164
Social,045.mat,871.4259818731118,372.58006042296074,321.201929581119,209.30050837212553,189.40642242311054
Social,023.mat,938.652078774617,450.636761487965,252.54871350417773,184.2357310633661,91.87775649200418
Social,019.mat,975.9322916666666,456.8255208333333,276.0841708137482,188.37001838895097,84.6866689768703
Social,017.mat,972.3414634146342,549.9512195121952,185.4673944537058,165.7163077051688,15.853658536585417
Social,015.mat,948.8191489361702,488.4973404255319,342.3684003353871,193.78873667221157,52.70232797282389
Social,013.mat,871.012853470437,496.24421593830334,273.05544761046207,256.38307717337574,99.1629007559165
Social,011.mat,985.0741687979539,559.9462915601023,199.971627457477,166.30462198757922,32.04010748903463
Social,009.mat,983.505995203837,491.4988009592326,262.0523600590134,147.69181933933018,53.89710677684789
Social,007.mat,1048.679190751445,665.3294797687861,326.4784220851455,140.16361660559625,153.5300536424245
Social,005.mat,1115.029810298103,370.10027100271003,239.82326753956045,181.3016866960772,230.00034781369
Social,003.mat,991.3146417445483,434.4704049844237,234.2813577370746,174.8559885316518,110.07770987689088
Social,001.mat,951.2162162162163,571.2432432432432,305.7966876606233,213.80640005612668,32.45450825257912
Social,021.mat,1055.0972222222222,428.90277777777777,236.17637945930613,161.91381106782143,146.23978412140977
Social,047.mat,908.0054347826087,515.1902173913044,377.56387304843224,177.0024155815165,57.61041681186041
Social,099.mat,898.5026178010471,552.6649214659686,281.2100977971715,163.4779962614022,62.787962644628315
Social,051.mat,992.745308310992,428.8552278820375,349.4906090331824,147.36677249708674,115.86809563264482
Social,095.mat,1080.0096852300242,435.49878934624695,300.26320157649417,215.64609408008477,159.13147890065483
Social,093.mat,972.8071625344353,447.4600550964187,294.93960955089005,155.68751080765782,93.42197179968586
Social,091.mat,995.6694677871149,457.6442577030812,368.7639699568983,201.34760152704945,89.74842183287971
Social,089.mat,939.7865168539325,569.7191011235955,225.6963741431192,167.64416829474553,35.94175666951807
Social,087.mat,1054.7387862796834,499.67810026385223,291.5631293844762,188.91779513818665,102.96258166965065
Social,085.mat,983.2710843373494,493.18373493975906,235.02451552726205,150.59252241641008,52.281029450717256
Social,049.mat,1023.2215568862275,592.7395209580839,309.1760810867151,168.91551176472976,82.33117469104074
Social,081.mat,918.8506024096386,495.77590361445783,319.2834776905048,122.21576968265283,60.407314318444655
Social,079.mat,1037.1135802469137,469.5827160493827,301.85550780688885,224.92370437035942,104.4274778852724
Social,077.mat,931.5344827586207,428.36699507389164,344.7804006509191,249.73569436256733,115.20509303260769
Social,075.mat,953.3333333333334,526.4057971014493,282.41153546255657,200.9440510620179,15.140898153392667
Social,083.mat,916.8140096618357,389.06038647342996,283.07429197928735,187.5783474980313,156.99616776545327
Social,071.mat,987.0694006309149,586.7697160883281,263.27103061693157,259.34081804273313,54.038493627226416
Social,069.mat,964.6531165311653,405.0325203252033,206.51460179820188,250.2408033215916,135.04766589326624
Social,067.mat,1049.4351351351352,447.12432432432433,233.77404743043817,180.27021970095325,128.93616454995544
Social,065.mat,1006.6172839506173,518.8197530864197,274.2383737320344,191.78481924742164,51.203261832159775
Social,063.mat,957.6618705035971,446.15587529976017,319.35701785477625,196.59618418409002,93.87324746857388
Social,061.mat,1068.2987341772152,399.073417721519,362.1711000267694,171.60355305169165,177.73271341281156
Social,059.mat,931.9014778325123,504.4113300492611,264.84210399231677,209.22937602739304,45.34402250417823
Social,057.mat,1024.9054441260746,440.1404011461318,180.1299903091012,204.48072551466166,119.09935415634489
Social,055.mat,1013.5463917525773,600.2654639175257,260.08779329091806,141.56173890095118,80.61725752539013
Social,053.mat,944.9225,512.485,357.1481786230332,145.79999922839505,31.375248704193545
Social,073.mat,890.9636803874092,431.57869249394673,303.2549589198126,134.64409810213877,128.53479430478717
Indoor,131.mat,941.6472303206997,470.7405247813411,195.88632625333648,311.47021771111184,71.64983644409436
Indoor,133.mat,936.0194174757281,563.210355987055,367.10983464206305,141.54525534340337,33.37347694276449
Indoor,135.mat,1005.6470588235294,454.1666666666667,172.63045064921045,158.8436358611662,97.21633139730105
Indoor,137.mat,958.5317725752508,565.3210702341137,237.47238141233873,129.3008622067791,25.363601667974983
Indoor,147.mat,958.3628048780488,552.234756097561,266.4644065498923,183.9003982457366,12.343810782499327
Indoor,141.mat,998.2605863192182,621.3387622149837,276.649528123095,158.1893143721464,89.88807876551823
Indoor,143.mat,907.047619047619,499.2,298.62174558925796,194.29555623997985,66.84754781236242
Indoor,145.mat,985.6941176470589,595.2088235294118,242.20939038139568,249.86284575112649,60.89500699698323
Indoor,139.mat,1021.823188405797,514.4869565217391,286.1449223099147,123.38132467737181,66.88065499217475
Indoor,129.mat,894.4556213017752,485.3076923076923,362.4646150218765,154.35960473506177,85.365766555724
Indoor,105.mat,900.9313186813187,601.5604395604396,329.9875508930828,216.67949738915723,85.31586506390514
Indoor,125.mat,959.2634920634921,513.6920634920635,300.7745827352296,118.81741535221214,26.31824400004976
Indoor,123.mat,956.5882352941177,492.61764705882354,265.3120490874914,185.3654442550591,47.505026140930795
Indoor,121.mat,950.8490566037735,602.9218328840971,282.4828003120824,116.44172718833573,63.58377795110305
Indoor,119.mat,933.0192307692307,541.9917582417582,339.4462882360189,220.12877709082468,27.05418653697868
Indoor,117.mat,962.6764705882352,439.75882352941176,255.7779391430175,229.689344060813,100.27690140315117
Indoor,115.mat,906.9575596816976,703.3846153846154,308.6477622948879,208.9797702618563,171.77902380471068
Indoor,113.mat,928.1731448763251,426.565371024735,227.49740429460095,157.14724409717098,117.81495557788674
Indoor,111.mat,995.7040498442368,535.7601246105919,260.9536481724334,194.5010433273718,35.95491230134562
Indoor,109.mat,920.5420792079208,609.5024752475248,334.04315946858753,171.3082378933096,79.92197181480692
Indoor,107.mat,949.2775,646.48,249.25873203109663,202.32620838635808,107.018514315281
Indoor,149.mat,942.2131782945736,605.2945736434109,290.7229379461449,140.3858140705822,67.67386773087111
Indoor,127.mat,1009.8848314606741,532.7865168539325,282.04343775587364,207.02500646383479,50.40367793086597
Indoor,151.mat,994.0805555555555,573.1111111111111,331.39904891522184,279.9483660504576,47.51662809993624
Indoor,175.mat,988.7073170731708,594.6476964769648,256.1344835946497,242.26785441036463,61.729091875533335
Indoor,155.mat,969.1396648044692,620.2905027932961,312.0004880061708,211.24311358786267,80.80902370118295
Indoor,103.mat,946.0260586319218,511.58631921824104,152.88093120303776,156.618714405677,31.663990476978487
Indoor,199.mat,864.7127071823204,603.5414364640884,321.13530530551395,178.9237922165216,114.53026814096786
Indoor,197.mat,960.607250755287,472.5105740181269,296.3445825539214,151.07898649412985,67.49215786180294
Indoor,195.mat,949.3702702702702,446.9135135135135,280.84700207693623,167.32582903015364,93.69143568398304
Indoor,193.mat,979.5630026809652,567.1769436997319,356.26261426117446,247.15156002724922,33.485778216339014
Indoor,191.mat,996.1763157894737,563.9736842105264,251.09728239973418,218.3745679768094,43.398886606982984
Indoor,189.mat,903.5297450424929,596.4702549575071,270.5740719938733,247.9166561138814,79.86100043157306
Indoor,187.mat,957.5112540192926,635.0739549839228,190.97286646389608,250.56549098032278,95.10652329278717
Indoor,185.mat,948.3682719546742,597.9461756373938,273.22187501674426,236.81308282361093,59.102084297595724
Indoor,183.mat,918.8515406162466,559.2521008403361,262.46168791592595,216.76299072546385,45.42949588563444
Indoor,153.mat,947.3209549071618,463.62068965517244,257.49794964266357,204.84267598856368,77.42452604451452
Indoor,181.mat,1006.7528409090909,587.3011363636364,279.03088934352473,194.42878223746877,66.50733519215821
Indoor,177.mat,914.7350157728706,509.3059936908517,159.56515971055208,165.23535760412014,54.69040885190297
Indoor,173.mat,1005.6426229508197,517.9606557377049,140.78051800180955,191.5154535379125,50.685123313874406
Indoor,171.mat,914.8705583756346,534.5812182741116,327.55257801869504,212.19371418023226,45.45359938134524
Indoor,169.mat,1013.4742268041238,617.4914089347079,241.76021573671284,178.89979464530344,94.15100313318493
Indoor,167.mat,993.1960227272727,429.98295454545456,338.2500733825082,166.5352124392309,114.91617038283657
Indoor,165.mat,996.4251700680272,506.3537414965986,134.50650356961222,171.7341048193691,49.58693099761687
Indoor,163.mat,986.7019867549669,566.4437086092715,260.3910277775449,202.893004646761,37.58012535469368
Indoor,161.mat,993.644376899696,523.4559270516718,160.1889973425034,189.1902888173787,37.49200510360047
Indoor,159.mat,1009.6486486486486,481.0648648648649,281.0758497434184,204.28014973641737,77.0606155311103
Indoor,157.mat,1043.5977011494253,522.985632183908,332.4953879127064,155.6450512463339,85.31157219070516
Indoor,179.mat,922.3817567567568,600.7128378378378,129.50774605715947,152.13461534621652,71.42255178185252
Indoor,101.mat,1034.4565756823822,560.5583126550869,367.91364017319995,203.62553440608886,77.24264289607531
Indoor,099.mat,1032.970509383378,496.71045576407505,380.13782132980464,220.69217658894726,84.84503450305003
Indoor,097.mat,1021.196675900277,519.5346260387812,345.68337327616354,141.0860115371221,64.52801463408026
Indoor,043.mat,891.7205479452055,523.4849315068493,339.98140761369206,232.8778806739427,70.24835272258308
Indoor,041.mat,1018.2166172106824,506.3560830860534,322.29828042301267,233.43222394340128,67.23903378817747
Indoor,039.mat,989.0364741641338,458.8510638297872,388.98510126222305,177.27496289231914,86.18739277551953
Indoor,037.mat,874.6705202312139,486.16184971098266,340.98677122182363,142.65418528468604,100.89433355820579
Indoor,035.mat,1010.7553516819572,501.16207951070334,281.87000293927406,165.02795991244082,63.91001323964882
Indoor,033.mat,1039.2281879194632,569.728187919463,324.23928774210617,180.62372345264492,84.6219292971785
Indoor,031.mat,1005.6428571428571,398.84615384615387,282.88976598973466,185.93843794381866,148.34985234973078
Indoor,029.mat,931.3025210084033,478.5798319327731,370.9718077570144,172.28133930684746,67.79367482206233
Indoor,027.mat,896.5419664268585,574.1870503597122,349.89282879775465,196.93333185222136,72.08104076154459
Indoor,023.mat,942.8785046728972,562.8566978193146,258.7244668075804,158.4026515726068,28.558260406394936
Indoor,021.mat,957.5142857142857,511.7015873015873,211.00982212687072,146.21777571139705,28.407374689680278
Indoor,019.mat,1000.973544973545,472.62433862433863,260.2830151534677,207.80522687768055,78.85626882820986
Indoor,017.mat,974.6193029490616,502.2788203753351,294.73958124656673,174.27502072589357,40.455054208252854
Indoor,015.mat,970.6140350877193,527.5964912280701,289.32951859312954,191.5840730951086,16.32497383454805
Indoor,013.mat,1010.2461538461539,589.5538461538462,249.38630506079076,224.5729529644115,70.57095468371121
Indoor,011.mat,983.039755351682,536.519877675841,297.966895125559,167.88547884956498,23.301106798958426
Indoor,009.mat,987.3239875389409,508.53582554517135,300.3737251872298,183.1682392138911,41.67246775932627
Indoor,007.mat,1027.0115942028986,566.823188405797,302.24649674249434,213.22579863006325,72.18058737546289
Indoor,005.mat,1138.0607734806629,451.73756906077347,342.1206156366503,182.49957291300043,198.73574355871082
Indoor,003.mat,1082.74930362117,524.0111420612814,405.2172065757896,173.57475295078746,123.7862476920061
Indoor,001.mat,993.7945945945946,513.7432432432432,273.389260100592,192.7508867586298,42.795933208618045
Indoor,045.mat,935.6617210682492,574.459940652819,365.78466300816046,195.6221734502433,42.18814206806827
Indoor,047.mat,1052.984126984127,595.3280423280423,271.9109423958665,279.7355200386604,108.20000064165386
Indoor,025.mat,967.5607235142119,460.297157622739,355.7860944734422,161.25777289819635,80.06064965432685
Indoor,051.mat,967.2228260869565,561.0054347826087,333.28636061894565,163.71716389270804,22.212552916962263
Indoor,049.mat,963.3724340175953,554.1466275659824,150.20593586717996,242.4901767736895,14.543052729521637
Indoor,093.mat,986.3,539.3925,305.36988227394016,208.00663076870893,26.30701534287
Indoor,091.mat,1009.0103359173127,573.8914728682171,329.3844386432069,103.44976488584497,59.58728857654896
Indoor,089.mat,978.7210682492581,526.4836795252226,264.19111069184703,152.2281218072196,23.090459405786365
Indoor,087.mat,981.9433962264151,512.4465408805031,154.1054015387981,166.64288438366472,35.223653237550955
Indoor,085.mat,901.3498452012384,587.3653250773993,291.6850663265651,164.02309445903037,75.38776212095975
Indoor,083.mat,927.896174863388,536.7732240437158,326.02724606484225,221.65269797144555,32.26558029036852
Indoor,081.mat,896.7871720116618,454.72594752186586,280.426598512386,192.2074031565481,106.14860172572602
Indoor,079.mat,968.1371571072319,477.7556109725686,297.4115743033109,222.97700165380724,62.77401764413361
Indoor,077.mat,953.038961038961,504.26493506493506,272.6881498222209,231.50866566274323,36.40674291021391
Indoor,075.mat,985.8242074927954,478.8847262247839,304.1848950309761,144.67177786762824,66.3473163078249
Indoor,095.mat,872.2724795640327,400.149863760218,345.62421810661385,190.18951367080066,165.08839586151612
Indoor,053.mat,1003.5325443786983,514.6420118343195,161.9440708298951,184.95639725592991,50.37965843367862
Indoor,071.mat,1089.1458333333333,424.4947916666667,282.3655738122223,221.8312514943283,173.2630930679925
Indoor,069.mat,985.1759530791788,549.8709677419355,324.2898645572972,163.99279651747105,27.041904844284648
Indoor,067.mat,930.8435754189944,464.3966480446927,296.55666006064087,253.04407987044374,81.03063569555611
Indoor,065.mat,1073.8602409638554,511.5614457831325,272.20792856018403,220.6976462123981,117.35802417514078
Indoor,063.mat,948.4629080118694,496.96439169139467,273.9168568560207,180.77083196007587,44.55522499140013
Indoor,061.mat,1008.5636856368563,540.6747967479674,241.3805974547426,163.46537698606753,48.568373591118686
Indoor,059.mat,1006.8721804511279,524.280701754386,365.4585559174127,187.0038569382547,49.437815865768755
Indoor,057.mat,951.4527777777778,498.4194444444444,349.085651688101,197.95982802276436,42.449942379521474
Indoor,055.mat,1029.1101928374655,502.7190082644628,325.37627123852593,191.23777865733882,78.52446178622856
Indoor,073.mat,1074.9571428571428,548.6085714285714,313.1003050468143,253.56901215750048,115.27901888860069
OutdoorManMade,133.mat,952.1829268292682,503.359756097561,360.0747255795522,223.3269610932814,37.46483826452202
OutdoorManMade,135.mat,979.9633333333334,534.99,193.58798685754118,202.9203043068879,20.582389991878472
OutdoorManMade,137.mat,985.1470588235294,572.0117647058823,231.0858934214902,158.85598317659762,40.70783274824173
OutdoorManMade,139.mat,954.9221556886228,484.57185628742513,358.31700737279914,225.36841278977084,55.66025169070329
OutdoorManMade,149.mat,990.5123456790124,562.929012345679,350.12210811133446,151.93400702810786,38.16730074270177
OutdoorManMade,143.mat,1022.8404255319149,525.3191489361702,375.0160579027587,139.41356757793554,64.53252256800823
OutdoorManMade,145.mat,986.9161073825503,607.7785234899329,252.7590630793289,174.50056616656235,72.92739597095435
OutdoorManMade,147.mat,943.378453038674,484.6381215469613,119.57312601042617,309.2849157318117,57.803230093452335
OutdoorManMade,131.mat,987.5,684.6322580645161,240.46490925007157,135.02716665031087,147.22343588179427
OutdoorManMade,141.mat,891.3795379537954,660.7788778877888,312.5995305690617,246.62361713906083,138.91114122081063
OutdoorManMade,129.mat,1001.578811369509,543.4392764857881,348.74788338573325,140.21763559104352,41.72081228412156
OutdoorManMade,117.mat,958.1144578313254,659.9457831325301,245.53171739879645,200.66555692303072,119.96060253493974
OutdoorManMade,125.mat,980.8611111111111,595.6481481481482,276.1708562122146,189.7487771304379,59.42981027319848
OutdoorManMade,123.mat,944.5966850828729,681.2265193370166,149.82958197705872,132.50941200194217,142.0640414548485
OutdoorManMade,121.mat,892.5972222222222,553.3694444444444,292.4014297218723,160.68611452048793,68.71591152646951
OutdoorManMade,119.mat,948.7857142857143,585.2804232804233,275.16186502717,192.04400589126084,46.64843980816434
OutdoorManMade,115.mat,1046.477341389728,620.9667673716012,319.79669986554825,165.77556110580008,118.46496525320288
OutdoorManMade,113.mat,1007.7943037974684,602.4398734177215,314.3308727479533,142.74097831780202,78.63226607383122
OutdoorManMade,111.mat,989.7551622418879,447.6165191740413,184.03834952468506,169.52037274989803,97.05708222258359
OutdoorManMade,109.mat,940.566037735849,624.4716981132076,218.4095031078604,207.00608599568943,86.67840948825332
OutdoorManMade,107.mat,966.344387755102,616.6760204081633,228.1430724328814,221.7379627372289,76.93804885503762
OutdoorManMade,105.mat,953.2791878172588,617.5253807106599,232.13283485674683,232.74979619739995,77.81615494695453
OutdoorManMade,127.mat,1004.75,651.3153409090909,311.88872032126517,184.43001873369488,119.97361218912732
OutdoorManMade,199.mat,923.7790697674419,527.9709302325581,267.1767075369735,174.45599589519944,38.16614083689659
OutdoorManMade,197.mat,1168.612426035503,564.0976331360947,357.4610759122442,172.81862587701377,209.9996195691316
OutdoorManMade,153.mat,1075.78125,553.0795454545455,412.18998734948036,145.66871439790648,116.51769119262543
OutdoorManMade,103.mat,929.6761363636364,641.4602272727273,168.81540045424424,274.0821637922454,105.89482718277718
OutdoorManMade,195.mat,979.1881533101046,628.7317073170732,296.79687113714454,163.17770332444888,90.7827137226841
OutdoorManMade,193.mat,961.0707692307692,606.8123076923077,225.29281713639796,191.10840701846712,66.82088749722774
OutdoorManMade,191.mat,976.4198250728863,597.6530612244898,324.0131262196821,145.72310611845216,59.945693122850365
OutdoorManMade,189.mat,922.4604904632153,606.5531335149864,214.31718565813685,246.02171274936705,76.4103026883545
OutdoorManMade,187.mat,900.8352941176471,577.7294117647059,269.5989438388644,228.3309459964943,70.17101206521146
OutdoorManMade,185.mat,993.6818181818181,538.8121212121212,256.07870233706205,219.49500133408952,33.70275852282342
OutdoorManMade,183.mat,910.9467787114846,586.7731092436975,355.71539936691823,228.5627032236415,67.77862691957486
OutdoorManMade,181.mat,1011.957627118644,581.1214689265537,332.628015220642,177.94161882082759,66.26137806050804
OutdoorManMade,179.mat,963.5045592705167,520.7841945288753,322.05849231407376,174.7072208080328,19.532770299797953
OutdoorManMade,151.mat,1009.8451178451179,596.8552188552188,280.195776165907,159.31787227309277,75.61118755890904
OutdoorManMade,177.mat,1007.2952646239554,576.1114206128134,354.8652327738168,145.66322763924563,59.50526661166633
OutdoorManMade,173.mat,967.1263157894737,536.6736842105263,357.519450839436,116.7342859574921,7.864397844883216
OutdoorManMade,171.mat,976.3993808049536,566.0247678018576,212.74037928410485,189.96743897186198,30.760822972191164
OutdoorManMade,169.mat,953.6304347826087,441.7701863354037,318.99848624876495,188.95943396023915,98.43610950073102
OutdoorManMade,167.mat,985.7408536585366,503.8353658536585,275.70473431934494,185.82554031182914,44.39000236549808
OutdoorManMade,165.mat,978.1975683890578,603.775075987842,243.18427199566779,196.3578811616563,66.32052331314536
OutdoorManMade,163.mat,958.014450867052,540.8583815028902,311.47816022932165,173.4148360946297,2.163151442653655
OutdoorManMade,161.mat,1006.4236641221374,561.7748091603054,267.94775591152944,174.59136274619738,51.27668967954884
OutdoorManMade,159.mat,1076.6133720930231,588.6656976744187,209.6855174220098,169.55772286006317,126.36070861246301
OutdoorManMade,157.mat,1020.8459214501511,636.7371601208459,332.41529889970445,172.62799124802396,114.2816884079166
OutdoorManMade,155.mat,992.4556213017752,539.9585798816568,295.50688492224396,195.45426847587365,32.45564773210429
OutdoorManMade,175.mat,1007.3414634146342,576.8373983739838,219.1051583021413,157.32611809883943,59.985065451349875
OutdoorManMade,101.mat,1006.6490765171504,653.1240105540898,279.80466389926465,204.17359763766217,122.36493821248293
OutdoorManMade,049.mat,947.4565217391304,557.888198757764,334.8788874020774,161.2511252322941,21.84780313162354
OutdoorManMade,097.mat,1039.2234636871508,552.072625698324,228.27357963407104,180.03260188717965,80.13804021712245
OutdoorManMade,041.mat,904.4749262536873,576.1238938053098,273.0427291966908,152.5791133486691,66.24175056707638
OutdoorManMade,039.mat,1019.204268292683,496.2774390243902,272.84805090786466,149.38307844313798,73.59896549774257
OutdoorManMade,037.mat,939.5677419354839,489.0258064516129,307.9882699767772,154.7978056186509,54.91671491926127
OutdoorManMade,035.mat,931.2697947214076,452.6627565982405,273.2139396692208,187.80779012672468,91.94138774441161
OutdoorManMade,033.mat,1029.090909090909,637.1298701298701,299.80542095972163,130.4557048425141,119.19633127933801
OutdoorManMade,031.mat,935.4325842696629,652.8483146067416,335.10934565452965,149.17034423196537,115.49155824236395
OutdoorManMade,029.mat,1008.9496221662469,635.6977329974811,268.4719001870281,203.2984165362469,107.49010006077543
OutdoorManMade,027.mat,968.2666666666667,577.9573333333333,248.08142390934654,139.37687342677125,38.84709682274277
OutdoorManMade,023.mat,935.9768637532134,522.9048843187661,344.8587311521352,208.46663521223005,29.484810585900714
OutdoorManMade,021.mat,980.6263440860215,416.09139784946234,326.5488612265471,181.92250574914038,125.61364478931092
OutdoorManMade,019.mat,968.2313624678663,456.26478149100257,356.4014849167198,171.2794566076171,84.13882663091366
OutdoorManMade,017.mat,979.9734513274336,453.165191740413,262.50877642899417,154.13357373524065,89.10231581394842
OutdoorManMade,015.mat,943.1024258760108,556.6630727762803,210.27970147224855,215.2625481758539,23.731540312911058
OutdoorManMade,013.mat,987.6629834254144,454.91160220994476,229.16291874102532,213.60351541838065,89.47220848103296
OutdoorManMade,011.mat,948.2318059299191,647.0026954177897,277.95988611232053,172.94761057475293,107.64788534078764
OutdoorManMade,009.mat,1000.9233333333333,463.29333333333335,325.51921211436286,181.67094967428213,86.94039292654604
OutdoorManMade,007.mat,1011.3639344262295,514.7377049180328,280.3033637836955,136.97637724294452,57.24017219183038
OutdoorManMade,005.mat,942.470802919708,569.985401459854,345.25001131848455,132.66350525407762,34.73322690146034
OutdoorManMade,003.mat,1007.9617647058824,523.6941176470589,228.79461958233847,201.4136670127317,50.657799725317545
OutdoorManMade,001.mat,1084.4864864864865,629.354054054054,344.60594194353405,199.77398458257036,153.23521884229154
OutdoorManMade,099.mat,1000.2887139107612,515.8188976377953,224.39988351243238,213.7040813684555,46.988362176549465
OutdoorManMade,043.mat,957.9802816901408,475.08169014084507,148.68411417623392,164.14269497189443,64.94972068469912
OutdoorManMade,045.mat,983.8186968838527,494.79603399433427,250.82049152838337,148.79224174129885,51.09529199335528
OutdoorManMade,025.mat,1041.771349862259,526.8484848484849,234.65240703395312,175.31566702312978,82.82219514765656
OutdoorManMade,051.mat,1006.5934343434343,477.199494949495,264.8833340623054,199.58722074976046,78.19751631934629
OutdoorManMade,047.mat,964.6221498371335,516.3224755700326,163.45894870974033,200.8338729988263,24.124457138941345
OutdoorManMade,093.mat,1039.2005988023952,498.41317365269464,284.2816851761428,174.9366265237465,89.45501090659428
OutdoorManMade,091.mat,1002.5297029702971,673.049504950495,258.1295564820401,236.45537858993896,139.68158934631828
OutdoorManMade,089.mat,934.030303030303,512.3553719008264,321.7212774265078,225.80241464635276,37.929548157597495
OutdoorManMade,087.mat,983.4670658682635,461.4341317365269,297.50060201078605,231.10536293029702,81.99572450109105
OutdoorManMade,085.mat,986.8844086021505,509.0779569892473,198.25885944468197,148.54616909505057,40.97492123050666
OutdoorManMade,083.mat,902.0785498489425,569.5770392749245,259.15838662605955,148.0220729998118,65.03611027630618
OutdoorManMade,079.mat,893.1711711711712,555.7087087087087,321.6736041974335,118.29871013266917,68.65024320370587
OutdoorManMade,077.mat,999.167115902965,454.85175202156336,325.0184968355078,154.7440878984332,93.72452774996324
OutdoorManMade,075.mat,1104.7306501547987,535.1300309597523,311.91820178111385,156.62353099189968,144.8125605487442
OutdoorManMade,073.mat,1006.5283582089552,557.9253731343283,358.56813703577245,119.98434144514418,49.861880426090494
OutdoorManMade,081.mat,965.8855218855219,548.3905723905724,224.75062205390336,151.5725281559675,10.248954722623843
OutdoorManMade,095.mat,994.6306068601583,633.820580474934,341.2901499473475,160.46364057267672,100.0079009486571
OutdoorManMade,071.mat,956.0188679245283,544.622641509434,288.85855326603166,112.01661854242927,6.100674317408798
OutdoorManMade,055.mat,1016.6898550724637,597.0405797101449,230.56156909480217,150.60374566510487,80.4199440549814
OutdoorManMade,057.mat,970.8721227621484,617.145780051151,326.6826972314725,174.079917345043,77.90811532219082
OutdoorManMade,059.mat,1072.9891008174386,611.0599455040872,305.06308793367225,159.27304782506286,133.476787339886
OutdoorManMade,061.mat,960.2102272727273,659.8863636363636,312.7523092494402,188.36818286018897,119.88654795871224
OutdoorManMade,053.mat,1074.719298245614,581.3809523809524,270.70565246999706,248.36258811671965,121.95450221259071
OutdoorManMade,065.mat,890.2769679300292,632.1574344023323,322.8429231474264,143.14627372335357,115.56078018363483
OutdoorManMade,067.mat,900.8811594202898,577.8347826086956,319.0035215267722,144.66071833034454,70.189088087369
OutdoorManMade,069.mat,819.4051724137931,573.3649425287356,338.3535603659678,189.59826442882323,144.4995672448228
OutdoorManMade,063.mat,997.9068322981367,528.3322981366459,302.86846664842096,152.37618376633085,39.66186079410767
OutdoorNatural,127.mat,938.186119873817,574.5173501577287,211.87570026444078,147.0188635139739,40.8324972059111
OutdoorNatural,143.mat,968.6050724637681,602.0688405797101,177.60200123826112,132.54296120625344,62.662494707888634
OutdoorNatural,141.mat,962.9093959731543,477.81208053691273,216.03963215899424,180.19221165924802,62.25593876953455
OutdoorNatural,139.mat,977.0413793103448,562.303448275862,214.792534252267,181.87814504024894,28.06870880167276
OutdoorNatural,137.mat,951.8116438356165,591.8527397260274,264.18462463174944,172.2529068865024,52.49529306299696
OutdoorNatural,135.mat,956.5208333333334,531.4930555555555,211.86170373717061,172.41600195327715,9.190903354693084
OutdoorNatural,133.mat,965.578947368421,570.3578947368421,185.8773739681028,140.32563000989208,30.86626680686861
OutdoorNatural,131.mat,983.1496350364963,562.7153284671533,236.04152536565917,142.71008071366532,32.43288068756217
OutdoorNatural,129.mat,973.8718861209965,565.3274021352313,248.01203469178387,214.00538689301666,28.877439697341817
OutdoorNatural,125.mat,906.334375,516.225,303.90879193988354,180.99768472276105,58.69625142750277
OutdoorNatural,103.mat,994.15625,588.5369318181819,231.4111380000603,214.05501576091234,59.35051107097003
OutdoorNatural,121.mat,999.2874617737003,573.3700305810397,263.22112527455903,121.61907526702545,51.54671273320434
OutdoorNatural,119.mat,967.5514705882352,504.0147058823529,244.1032152670664,194.7147795416987,36.769091650169266
OutdoorNatural,117.mat,980.0492957746479,638.0457746478874,164.26249293131744,191.04861121804464,100.07471302663639
OutdoorNatural,115.mat,980.0170648464164,535.3481228668942,244.04649667953748,156.4758482870726,20.550495028761482
OutdoorNatural,113.mat,998.4597701149426,464.2586206896552,214.32609189949946,189.87025760906917,84.94651527359883
OutdoorNatural,111.mat,951.2294520547945,559.4349315068494,221.31991679677773,157.90203920554438,21.322267091823853
OutdoorNatural,109.mat,1029.4806451612903,635.5419354838709,190.2120156975179,180.55828256467638,118.13475986361209
OutdoorNatural,107.mat,951.95,617.5058823529412,258.87143157991636,245.09450151172362,77.92280987816056
OutdoorNatural,105.mat,995.2688821752266,565.9154078549849,262.37603068651464,246.92012010822376,43.76645306830599
OutdoorNatural,145.mat,1006.6701388888889,571.0347222222222,217.97223369931686,170.23918684842144,56.04690756249333
OutdoorNatural,123.mat,997.1704918032787,514.1836065573771,205.96868403084352,172.07278023693394,45.25628830650952
OutdoorNatural,147.mat,977.7049808429118,560.6934865900383,260.1974514286804,162.53894881211443,27.233926156541788
OutdoorNatural,195.mat,970.8089171974523,463.3343949044586,212.11767055698547,197.51473289025887,77.42381865838759
OutdoorNatural,151.mat,896.2861842105264,537.7894736842105,326.27166242850575,160.31556592754916,63.75215093663726
OutdoorNatural,101.mat,986.8760806916426,554.2132564841498,261.56654903094716,247.20937129012813,30.40296652019197
OutdoorNatural,193.mat,1008.7948717948718,518.7720797720798,262.86778728466356,134.79537902397047,53.21244319405868
OutdoorNatural,191.mat,963.3046153846154,570.7261538461538,272.96191249147904,138.43377342133186,30.903349543661918
OutdoorNatural,189.mat,989.75,640.3235294117648,276.33181114909877,210.1248817178847,104.64164110732031
OutdoorNatural,187.mat,884.5272727272727,726.7727272727273,202.6201869639086,211.19595923121324,201.44523874958185
OutdoorNatural,185.mat,866.1763005780347,560.0953757225434,247.08820033481123,236.69937674128832,95.95160602435732
OutdoorNatural,183.mat,865.8785310734463,610.0564971751412,296.05037447763976,245.01243407889925,117.33185291873123
OutdoorNatural,181.mat,889.5,657.6763157894737,302.920977188858,216.74734980982922,137.1785890647077
OutdoorNatural,179.mat,930.366847826087,509.8967391304348,312.2677810039122,122.45751344063125,42.24133074067837
OutdoorNatural,177.mat,974.3394495412844,610.7339449541284,342.40226767439134,177.47017540890272,72.17278421898877
OutdoorNatural,149.mat,875.0305343511451,667.0152671755725,232.19202499705617,145.27058116372416,152.81586366714026
OutdoorNatural,175.mat,965.8506944444445,455.4236111111111,285.24081309982796,197.98632387747247,84.77851250739674
OutdoorNatural,171.mat,970.4789915966387,570.3809523809524,270.28577620576175,192.27721431358165,32.137385277214484
OutdoorNatural,169.mat,935.028880866426,428.72202166064983,223.21511672727422,215.44935491455294,114.0453648951856
OutdoorNatural,167.mat,1019.1978417266187,508.54676258992805,292.6094834066636,201.7230890299684,67.03499540288
OutdoorNatural,165.mat,1018.135761589404,507.0927152317881,230.04778825289566,159.98240180510325,66.80311494530932
OutdoorNatural,163.mat,965.4039087947883,514.6905537459284,292.09366617894136,188.97261751733922,25.8799207871688
OutdoorNatural,161.mat,989.8389513108614,554.8651685393259,294.9407994613753,146.2423101607444,33.33671026112983
OutdoorNatural,159.mat,975.2635135135135,610.3141891891892,120.80511788237341,266.751819191379,71.95178973528245
OutdoorNatural,157.mat,1004.8934169278997,522.6144200626959,232.28976321524414,177.01061347903635,48.14226078217164
OutdoorNatural,155.mat,949.84142394822,529.4239482200647,270.2610941220186,170.60861417967146,14.664567455321313
OutdoorNatural,153.mat,1028.9779179810726,513.9400630914827,312.4719235106028,205.5577460078909,73.73651389019876
OutdoorNatural,173.mat,1014.5738831615121,587.0343642611684,280.1313705165204,170.11332039092065,72.0454033563464
OutdoorNatural,099.mat,965.4651162790698,557.9169435215947,254.61766584404586,191.0068176723084,18.731907567030323
OutdoorNatural,051.mat,1020.3739837398374,528.9268292682926,267.6301212800591,211.10637080650957,61.38104774823977
OutdoorNatural,095.mat,970.7857142857143,564.054945054945,158.73899793764613,161.2371717454431,26.362321867572433
OutdoorNatural,039.mat,926.87106918239,597.0345911949686,283.1423609854086,170.7314694264237,65.95809768250733
OutdoorNatural,037.mat,1048.6237623762377,584.036303630363,255.3351974673929,131.46730448059304,98.9614434774744
OutdoorNatural,035.mat,989.3451612903226,579.5709677419355,323.88117129859245,206.9108576853707,49.26459153579121
OutdoorNatural,033.mat,996.9362880886426,595.2520775623269,280.80003203463826,169.47185403508206,66.46112738075239
OutdoorNatural,031.mat,1012.5676691729324,530.9812030075188,311.5582910614862,155.78260959164967,53.33571543971686
OutdoorNatural,029.mat,1014.3973333333333,528.2,273.9873466534946,151.095201776893,55.66246377746656
OutdoorNatural,027.mat,898.1348314606741,525.9719101123595,173.13373677374742,166.20477520470297,63.435686993165874
OutdoorNatural,025.mat,907.4421052631579,449.2263157894737,191.3749126048533,243.37329209976843,104.8913439913958
OutdoorNatural,023.mat,794.2952127659574,533.8909574468086,269.997193796405,182.19345085719607,165.81736010802976
OutdoorNatural,021.mat,929.0,528.1107871720117,290.8337366790011,145.57938723800558,33.201707511349504
OutdoorNatural,019.mat,995.5228571428571,551.2057142857143,322.5249816111385,160.61641250926675,37.24837462554434
OutdoorNatural,017.mat,1029.2085561497327,671.951871657754,306.3306282932473,171.44509367011858,149.0004049602386
OutdoorNatural,015.mat,1059.563253012048,537.8825301204819,257.90216969150646,149.42224494754706,99.58576720110044
OutdoorNatural,013.mat,953.7168831168831,490.34805194805193,272.31921747916886,254.63513678558866,50.047912075532764
OutdoorNatural,011.mat,970.4110787172011,485.45772594752185,244.29865724096837,193.0421420857833,55.527022420362044
OutdoorNatural,009.mat,989.5769230769231,554.2342657342657,158.2671438994367,204.26997171229547,32.82390439438789
OutdoorNatural,007.mat,1011.582191780822,482.6506849315069,240.41077166991107,184.79335339355413,77.13408097422818
OutdoorNatural,005.mat,1047.061224489796,625.7823129251701,311.4242731134086,167.05600173109096,122.22218301296392
OutdoorNatural,003.mat,1009.5895061728395,504.8179012345679,246.62235840989226,211.14458986129378,60.802131508744864
OutdoorNatural,001.mat,964.5265151515151,596.9280303030303,258.12954680413935,176.0560090005769,57.107705028302675
OutdoorNatural,197.mat,1014.0712250712251,452.6951566951567,465.87590885165633,166.34864001103963,102.69290649887323
OutdoorNatural,041.mat,953.3229166666666,485.78819444444446,153.5133337579933,224.905320201798,54.62145460744927
OutdoorNatural,043.mat,967.0745762711864,585.7186440677966,247.07429994359396,180.68650299417263,46.26277169403827
OutdoorNatural,045.mat,1013.9467455621302,664.310650887574,281.24311453199556,217.0273370672174,135.5115835670055
OutdoorNatural,047.mat,984.472027972028,549.6468531468531,257.51250411777335,149.3608215282034,26.304789082991487
OutdoorNatural,093.mat,880.5428571428571,438.07714285714286,330.18920488169823,198.73082237857645,129.2350817664603
OutdoorNatural,091.mat,1027.5572289156626,621.0180722891566,334.59791511176576,175.85501876602672,105.48889617497305
OutdoorNatural,089.mat,1025.126126126126,516.7507507507507,259.8547105185643,175.00914015008766,69.1515718899419
OutdoorNatural,087.mat,955.2477611940299,467.7223880597015,248.4822491982667,126.35417152968826,72.43367284254853
OutdoorNatural,085.mat,963.1829268292682,664.015243902439,302.19916014349485,194.37166532141086,124.05608305674458
OutdoorNatural,083.mat,925.7809187279152,559.6466431095406,279.55764159041354,209.93804120734072,39.458029709796804
OutdoorNatural,081.mat,1030.5068870523417,560.4022038567493,287.47199040840997,208.8870104521554,73.39939403035982
OutdoorNatural,079.mat,1019.3361823361823,536.2222222222222,308.1774858176901,149.07470226903087,59.456321271761745
OutdoorNatural,077.mat,971.6339869281046,562.3888888888889,230.37470902272898,169.40777970404912,25.231171148448944
OutdoorNatural,075.mat,998.2705882352941,544.4705882352941,226.31714542079808,211.29948571721576,38.53081991140315
OutdoorNatural,097.mat,1048.1194029850747,493.910447761194,242.88901232886465,143.92775253767348,99.44483902153802
OutdoorNatural,073.mat,990.3620178041543,481.0860534124629,252.83596114038068,168.76782028734962,66.27748658223967
OutdoorNatural,069.mat,944.9423076923077,567.0384615384615,230.83001683402796,161.0726020653254,30.948546007849853
OutdoorNatural,067.mat,1104.6666666666667,494.98381877022655,310.9756474230472,148.06723434654648,151.50874897825628
OutdoorNatural,065.mat,978.9815950920246,627.7975460122699,277.7376939760327,163.35540911530748,89.82599867529568
OutdoorNatural,063.mat,937.2618296529969,627.9116719242902,219.17796859725416,192.85030829508025,90.80466095555539
OutdoorNatural,061.mat,952.7396449704142,560.9704142011834,270.8132344530148,153.0041158914037,22.191688239627606
OutdoorNatural,059.mat,1034.0431472081218,491.94162436548226,398.7832072212529,209.7972169186309,88.27227830475435
OutdoorNatural,057.mat,1001.218487394958,559.1148459383753,377.58666416855357,135.61035684356693,45.43501995571401
OutdoorNatural,055.mat,962.3625730994152,479.0175438596491,284.39900231427634,171.5771517144943,61.028204205595806
OutdoorNatural,053.mat,911.448362720403,508.53148614609574,329.048594909902,219.4771945625692,57.8578330626279
OutdoorNatural,049.mat,1037.3636363636363,615.5018181818182,244.46182551112437,150.3736044184122,108.10021637427593
OutdoorNatural,071.mat,988.9807073954984,581.08038585209,137.59145317905478,182.6514170815792,50.27404402770966
OutdoorNatural,199.mat,1114.9105431309904,625.5718849840256,244.4109662678281,188.961891052796,176.9740768385521
